message;severity;node;stamp;location
"Oh no! I hit the wall! (Clamping from [x=1.203576, y=-0.028881])";"30";"turtle1";"1726461067.635060316";"./src/turtle.cpp:update:260"
"Oh no! I hit the wall! (Clamping from [x=1.203576, y=-0.028881])";"30";"turtle3";"1726461067.633019316";"./src/turtle.cpp:update:260"
"Oh no! I hit the wall! (Clamping from [x=1.203576, y=-0.028881])";"30";"turtle2";"1726461067.632776516";"./src/turtle.cpp:update:260"
"Oh no! I hit the wall! (Clamping from [x=1.217357, y=-0.028881])";"30";"turtle1";"1726461067.618702216";"./src/turtle.cpp:update:260"
"Oh no! I hit the wall! (Clamping from [x=1.217357, y=-0.028881])";"30";"turtle2";"1726461067.616849916";"./src/turtle.cpp:update:260"
"Oh no! I hit the wall! (Clamping from [x=1.217357, y=-0.028881])";"30";"turtle3";"1726461067.616787516";"./src/turtle.cpp:update:260"
"Oh no! I hit the wall! (Clamping from [x=1.231137, y=-0.028881])";"30";"turtle1";"1726461067.602964416";"./src/turtle.cpp:update:260"
"Oh no! I hit the wall! (Clamping from [x=1.231137, y=-0.028881])";"30";"turtle3";"1726461067.600201216";"./src/turtle.cpp:update:260"
"Oh no! I hit the wall! (Clamping from [x=1.231137, y=-0.028881])";"30";"turtle2";"1726461067.600229716";"./src/turtle.cpp:update:260"
"Oh no! I hit the wall! (Clamping from [x=1.244918, y=-0.028881])";"30";"turtle1";"1726461067.587353416";"./src/turtle.cpp:update:260"
"Oh no! I hit the wall! (Clamping from [x=1.244918, y=-0.028881])";"30";"turtle2";"1726461067.584397316";"./src/turtle.cpp:update:260"
"Oh no! I hit the wall! (Clamping from [x=1.244918, y=-0.028881])";"30";"turtle3";"1726461067.584470816";"./src/turtle.cpp:update:260"
"Oh no! I hit the wall! (Clamping from [x=1.258698, y=-0.028881])";"30";"turtle1";"1726461067.570830516";"./src/turtle.cpp:update:260"
"Oh no! I hit the wall! (Clamping from [x=1.258698, y=-0.028881])";"30";"turtle2";"1726461067.568834116";"./src/turtle.cpp:update:260"
"Oh no! I hit the wall! (Clamping from [x=1.258698, y=-0.028881])";"30";"turtle3";"1726461067.568848316";"./src/turtle.cpp:update:260"
"Oh no! I hit the wall! (Clamping from [x=1.272479, y=-0.028881])";"30";"turtle1";"1726461067.555319417";"./src/turtle.cpp:update:260"
"Oh no! I hit the wall! (Clamping from [x=1.272479, y=-0.028881])";"30";"turtle3";"1726461067.552326317";"./src/turtle.cpp:update:260"
"Oh no! I hit the wall! (Clamping from [x=1.272479, y=-0.028881])";"30";"turtle2";"1726461067.552250717";"./src/turtle.cpp:update:260"
"Oh no! I hit the wall! (Clamping from [x=1.286259, y=-0.028881])";"30";"turtle1";"1726461067.538975817";"./src/turtle.cpp:update:260"
"Oh no! I hit the wall! (Clamping from [x=1.286259, y=-0.028881])";"30";"turtle2";"1726461067.536824417";"./src/turtle.cpp:update:260"
"Oh no! I hit the wall! (Clamping from [x=1.286259, y=-0.028881])";"30";"turtle3";"1726461067.536789617";"./src/turtle.cpp:update:260"
"Oh no! I hit the wall! (Clamping from [x=1.300040, y=-0.028881])";"30";"turtle1";"1726461067.523391717";"./src/turtle.cpp:update:260"
"Oh no! I hit the wall! (Clamping from [x=1.300040, y=-0.028881])";"30";"turtle3";"1726461067.520535117";"./src/turtle.cpp:update:260"
"Oh no! I hit the wall! (Clamping from [x=1.300040, y=-0.028881])";"30";"turtle2";"1726461067.520470717";"./src/turtle.cpp:update:260"
"Oh no! I hit the wall! (Clamping from [x=1.313820, y=-0.028881])";"30";"turtle1";"1726461067.506684817";"./src/turtle.cpp:update:260"
"Oh no! I hit the wall! (Clamping from [x=1.313820, y=-0.028881])";"30";"turtle2";"1726461067.505150017";"./src/turtle.cpp:update:260"
"Oh no! I hit the wall! (Clamping from [x=1.313820, y=-0.028881])";"30";"turtle3";"1726461067.505150317";"./src/turtle.cpp:update:260"
"Oh no! I hit the wall! (Clamping from [x=1.327601, y=-0.028881])";"30";"turtle1";"1726461067.491051617";"./src/turtle.cpp:update:260"
"Oh no! I hit the wall! (Clamping from [x=1.327601, y=-0.028881])";"30";"turtle2";"1726461067.488679017";"./src/turtle.cpp:update:260"
"Oh no! I hit the wall! (Clamping from [x=1.327601, y=-0.028881])";"30";"turtle3";"1726461067.488720317";"./src/turtle.cpp:update:260"
"Oh no! I hit the wall! (Clamping from [x=1.341381, y=-0.028881])";"30";"turtle1";"1726461067.475069817";"./src/turtle.cpp:update:260"
"Oh no! I hit the wall! (Clamping from [x=1.341381, y=-0.028881])";"30";"turtle2";"1726461067.473016117";"./src/turtle.cpp:update:260"
"Oh no! I hit the wall! (Clamping from [x=1.341381, y=-0.028881])";"30";"turtle3";"1726461067.473035517";"./src/turtle.cpp:update:260"
"Oh no! I hit the wall! (Clamping from [x=1.355162, y=-0.028881])";"30";"turtle1";"1726461067.458660717";"./src/turtle.cpp:update:260"
"Oh no! I hit the wall! (Clamping from [x=1.355162, y=-0.028881])";"30";"turtle2";"1726461067.456808917";"./src/turtle.cpp:update:260"
"Oh no! I hit the wall! (Clamping from [x=1.355162, y=-0.028881])";"30";"turtle3";"1726461067.456808417";"./src/turtle.cpp:update:260"
"Oh no! I hit the wall! (Clamping from [x=1.368943, y=-0.028881])";"30";"turtle1";"1726461067.443344417";"./src/turtle.cpp:update:260"
"Oh no! I hit the wall! (Clamping from [x=1.368943, y=-0.028881])";"30";"turtle3";"1726461067.440576517";"./src/turtle.cpp:update:260"
"Oh no! I hit the wall! (Clamping from [x=1.368943, y=-0.028881])";"30";"turtle2";"1726461067.440584317";"./src/turtle.cpp:update:260"
"Oh no! I hit the wall! (Clamping from [x=1.382723, y=-0.028881])";"30";"turtle1";"1726461067.427704717";"./src/turtle.cpp:update:260"
"Oh no! I hit the wall! (Clamping from [x=1.382723, y=-0.028881])";"30";"turtle3";"1726461067.424808417";"./src/turtle.cpp:update:260"
"Oh no! I hit the wall! (Clamping from [x=1.382723, y=-0.028881])";"30";"turtle2";"1726461067.424746417";"./src/turtle.cpp:update:260"
"Oh no! I hit the wall! (Clamping from [x=1.396504, y=-0.028881])";"30";"turtle1";"1726461067.410883217";"./src/turtle.cpp:update:260"
"Oh no! I hit the wall! (Clamping from [x=1.396504, y=-0.028881])";"30";"turtle2";"1726461067.409087617";"./src/turtle.cpp:update:260"
"Oh no! I hit the wall! (Clamping from [x=1.396504, y=-0.028881])";"30";"turtle3";"1726461067.409016217";"./src/turtle.cpp:update:260"
"Oh no! I hit the wall! (Clamping from [x=1.410284, y=-0.028881])";"30";"turtle1";"1726461067.394777317";"./src/turtle.cpp:update:260"
"Oh no! I hit the wall! (Clamping from [x=1.410284, y=-0.028881])";"30";"turtle2";"1726461067.393216617";"./src/turtle.cpp:update:260"
"Oh no! I hit the wall! (Clamping from [x=1.410284, y=-0.028881])";"30";"turtle3";"1726461067.393216517";"./src/turtle.cpp:update:260"
"Oh no! I hit the wall! (Clamping from [x=1.424065, y=-0.028881])";"30";"turtle1";"1726461067.379115817";"./src/turtle.cpp:update:260"
"Oh no! I hit the wall! (Clamping from [x=1.424065, y=-0.028881])";"30";"turtle2";"1726461067.376413817";"./src/turtle.cpp:update:260"
"Oh no! I hit the wall! (Clamping from [x=1.424065, y=-0.028881])";"30";"turtle3";"1726461067.376422917";"./src/turtle.cpp:update:260"
"Oh no! I hit the wall! (Clamping from [x=1.437845, y=-0.028881])";"30";"turtle1";"1726461067.363485917";"./src/turtle.cpp:update:260"
"Oh no! I hit the wall! (Clamping from [x=1.437845, y=-0.028881])";"30";"turtle2";"1726461067.360684317";"./src/turtle.cpp:update:260"
"Oh no! I hit the wall! (Clamping from [x=1.437845, y=-0.028881])";"30";"turtle3";"1726461067.360640917";"./src/turtle.cpp:update:260"
"Oh no! I hit the wall! (Clamping from [x=1.451626, y=-0.028881])";"30";"turtle1";"1726461067.347624417";"./src/turtle.cpp:update:260"
"Oh no! I hit the wall! (Clamping from [x=1.451626, y=-0.028881])";"30";"turtle3";"1726461067.344861417";"./src/turtle.cpp:update:260"
"Oh no! I hit the wall! (Clamping from [x=1.451626, y=-0.028881])";"30";"turtle2";"1726461067.344889217";"./src/turtle.cpp:update:260"
"Oh no! I hit the wall! (Clamping from [x=1.465406, y=-0.028881])";"30";"turtle1";"1726461067.331557817";"./src/turtle.cpp:update:260"
"Oh no! I hit the wall! (Clamping from [x=1.465406, y=-0.028881])";"30";"turtle2";"1726461067.329176917";"./src/turtle.cpp:update:260"
"Oh no! I hit the wall! (Clamping from [x=1.465406, y=-0.028881])";"30";"turtle3";"1726461067.329111417";"./src/turtle.cpp:update:260"
"Oh no! I hit the wall! (Clamping from [x=1.479187, y=-0.028881])";"30";"turtle1";"1726461067.315288617";"./src/turtle.cpp:update:260"
"Oh no! I hit the wall! (Clamping from [x=1.479187, y=-0.028881])";"30";"turtle3";"1726461067.313031117";"./src/turtle.cpp:update:260"
"Oh no! I hit the wall! (Clamping from [x=1.479187, y=-0.028881])";"30";"turtle2";"1726461067.313045917";"./src/turtle.cpp:update:260"
"Oh no! I hit the wall! (Clamping from [x=1.492967, y=-0.028881])";"30";"turtle1";"1726461067.298983717";"./src/turtle.cpp:update:260"
"Oh no! I hit the wall! (Clamping from [x=1.492967, y=-0.028881])";"30";"turtle2";"1726461067.297046217";"./src/turtle.cpp:update:260"
"Oh no! I hit the wall! (Clamping from [x=1.492967, y=-0.028881])";"30";"turtle3";"1726461067.296972617";"./src/turtle.cpp:update:260"
"Oh no! I hit the wall! (Clamping from [x=1.506748, y=-0.028881])";"30";"turtle1";"1726461067.283180617";"./src/turtle.cpp:update:260"
"Oh no! I hit the wall! (Clamping from [x=1.506748, y=-0.028881])";"30";"turtle3";"1726461067.280987117";"./src/turtle.cpp:update:260"
"Oh no! I hit the wall! (Clamping from [x=1.506748, y=-0.028881])";"30";"turtle2";"1726461067.280987017";"./src/turtle.cpp:update:260"
"Oh no! I hit the wall! (Clamping from [x=1.520528, y=-0.028881])";"30";"turtle1";"1726461067.267601217";"./src/turtle.cpp:update:260"
"Oh no! I hit the wall! (Clamping from [x=1.520528, y=-0.028881])";"30";"turtle2";"1726461067.265236617";"./src/turtle.cpp:update:260"
"Oh no! I hit the wall! (Clamping from [x=1.520528, y=-0.028881])";"30";"turtle3";"1726461067.265041817";"./src/turtle.cpp:update:260"
"Oh no! I hit the wall! (Clamping from [x=1.534309, y=-0.028881])";"30";"turtle1";"1726461067.250836217";"./src/turtle.cpp:update:260"
"Oh no! I hit the wall! (Clamping from [x=1.534309, y=-0.028881])";"30";"turtle2";"1726461067.248393517";"./src/turtle.cpp:update:260"
"Oh no! I hit the wall! (Clamping from [x=1.534309, y=-0.028881])";"30";"turtle3";"1726461067.248347317";"./src/turtle.cpp:update:260"
"Oh no! I hit the wall! (Clamping from [x=1.548090, y=-0.028881])";"30";"turtle1";"1726461067.235245917";"./src/turtle.cpp:update:260"
"Oh no! I hit the wall! (Clamping from [x=1.548090, y=-0.028881])";"30";"turtle2";"1726461067.232773517";"./src/turtle.cpp:update:260"
"Oh no! I hit the wall! (Clamping from [x=1.548090, y=-0.028881])";"30";"turtle3";"1726461067.232798217";"./src/turtle.cpp:update:260"
"Oh no! I hit the wall! (Clamping from [x=1.561870, y=-0.028881])";"30";"turtle1";"1726461067.219569117";"./src/turtle.cpp:update:260"
"Oh no! I hit the wall! (Clamping from [x=1.561870, y=-0.028881])";"30";"turtle2";"1726461067.217111417";"./src/turtle.cpp:update:260"
"Oh no! I hit the wall! (Clamping from [x=1.561870, y=-0.028881])";"30";"turtle3";"1726461067.216987417";"./src/turtle.cpp:update:260"
"Oh no! I hit the wall! (Clamping from [x=1.575651, y=-0.028881])";"30";"turtle1";"1726461067.202795617";"./src/turtle.cpp:update:260"
"Oh no! I hit the wall! (Clamping from [x=1.589431, y=-0.028881])";"30";"turtle3";"1726461067.185486417";"./src/turtle.cpp:update:260"
"Oh no! I hit the wall! (Clamping from [x=1.616992, y=-0.028881])";"30";"turtle1";"1726461067.155689217";"./src/turtle.cpp:update:260"
"Oh no! I hit the wall! (Clamping from [x=1.616992, y=-0.028881])";"30";"turtle3";"1726461067.152670017";"./src/turtle.cpp:update:260"
"Oh no! I hit the wall! (Clamping from [x=1.616992, y=-0.028881])";"30";"turtle2";"1726461067.152422617";"./src/turtle.cpp:update:260"
"Oh no! I hit the wall! (Clamping from [x=1.630773, y=-0.028881])";"30";"turtle1";"1726461067.139016618";"./src/turtle.cpp:update:260"
"Oh no! I hit the wall! (Clamping from [x=1.630773, y=-0.028881])";"30";"turtle3";"1726461067.136870718";"./src/turtle.cpp:update:260"
"Oh no! I hit the wall! (Clamping from [x=1.630773, y=-0.028881])";"30";"turtle2";"1726461067.136765718";"./src/turtle.cpp:update:260"
"Oh no! I hit the wall! (Clamping from [x=1.644553, y=-0.028881])";"30";"turtle1";"1726461067.123291518";"./src/turtle.cpp:update:260"
"Oh no! I hit the wall! (Clamping from [x=1.644553, y=-0.028881])";"30";"turtle2";"1726461067.121167818";"./src/turtle.cpp:update:260"
"Oh no! I hit the wall! (Clamping from [x=1.644553, y=-0.028881])";"30";"turtle3";"1726461067.120337218";"./src/turtle.cpp:update:260"
"Oh no! I hit the wall! (Clamping from [x=1.658334, y=-0.028881])";"30";"turtle1";"1726461067.107517718";"./src/turtle.cpp:update:260"
"Oh no! I hit the wall! (Clamping from [x=1.658334, y=-0.028881])";"30";"turtle3";"1726461067.104733818";"./src/turtle.cpp:update:260"
"Oh no! I hit the wall! (Clamping from [x=1.658334, y=-0.028881])";"30";"turtle2";"1726461067.104393518";"./src/turtle.cpp:update:260"
"Oh no! I hit the wall! (Clamping from [x=1.672114, y=-0.028881])";"30";"turtle1";"1726461067.091531518";"./src/turtle.cpp:update:260"
"Oh no! I hit the wall! (Clamping from [x=1.672114, y=-0.028881])";"30";"turtle3";"1726461067.089140718";"./src/turtle.cpp:update:260"
"Oh no! I hit the wall! (Clamping from [x=1.672114, y=-0.028881])";"30";"turtle2";"1726461067.088767118";"./src/turtle.cpp:update:260"
"Oh no! I hit the wall! (Clamping from [x=1.685895, y=-0.028881])";"30";"turtle1";"1726461067.075349418";"./src/turtle.cpp:update:260"
"Oh no! I hit the wall! (Clamping from [x=1.685895, y=-0.028881])";"30";"turtle2";"1726461067.073070118";"./src/turtle.cpp:update:260"
"Oh no! I hit the wall! (Clamping from [x=1.685895, y=-0.028881])";"30";"turtle3";"1726461067.072455418";"./src/turtle.cpp:update:260"
"Oh no! I hit the wall! (Clamping from [x=1.699675, y=-0.028881])";"30";"turtle1";"1726461067.059500618";"./src/turtle.cpp:update:260"
"Oh no! I hit the wall! (Clamping from [x=1.699675, y=-0.028881])";"30";"turtle2";"1726461067.057027418";"./src/turtle.cpp:update:260"
"Oh no! I hit the wall! (Clamping from [x=1.699675, y=-0.028881])";"30";"turtle3";"1726461067.056626418";"./src/turtle.cpp:update:260"
"Oh no! I hit the wall! (Clamping from [x=1.713456, y=-0.028881])";"30";"turtle1";"1726461067.043532118";"./src/turtle.cpp:update:260"
"Oh no! I hit the wall! (Clamping from [x=1.713456, y=-0.028881])";"30";"turtle2";"1726461067.040858218";"./src/turtle.cpp:update:260"
"Oh no! I hit the wall! (Clamping from [x=1.713456, y=-0.028881])";"30";"turtle3";"1726461067.040801718";"./src/turtle.cpp:update:260"
"Oh no! I hit the wall! (Clamping from [x=1.727236, y=-0.028881])";"30";"turtle1";"1726461067.027600418";"./src/turtle.cpp:update:260"
"Oh no! I hit the wall! (Clamping from [x=1.727236, y=-0.028881])";"30";"turtle3";"1726461067.024472018";"./src/turtle.cpp:update:260"
"Oh no! I hit the wall! (Clamping from [x=1.741017, y=-0.028881])";"30";"turtle1";"1726461067.010848118";"./src/turtle.cpp:update:260"
"Oh no! I hit the wall! (Clamping from [x=1.754798, y=-0.028881])";"30";"turtle2";"1726461066.993075618";"./src/turtle.cpp:update:260"
"Oh no! I hit the wall! (Clamping from [x=1.768578, y=-0.028881])";"30";"turtle2";"1726461066.976255518";"./src/turtle.cpp:update:260"
"Oh no! I hit the wall! (Clamping from [x=1.768578, y=-0.028881])";"30";"turtle3";"1726461066.976276518";"./src/turtle.cpp:update:260"
"Oh no! I hit the wall! (Clamping from [x=1.782359, y=-0.028881])";"30";"turtle1";"1726461066.962633518";"./src/turtle.cpp:update:260"
"Oh no! I hit the wall! (Clamping from [x=1.782359, y=-0.028881])";"30";"turtle2";"1726461066.960577818";"./src/turtle.cpp:update:260"
"Oh no! I hit the wall! (Clamping from [x=1.782359, y=-0.028881])";"30";"turtle3";"1726461066.960550918";"./src/turtle.cpp:update:260"
"Oh no! I hit the wall! (Clamping from [x=1.796139, y=-0.028881])";"30";"turtle1";"1726461066.947251818";"./src/turtle.cpp:update:260"
"Oh no! I hit the wall! (Clamping from [x=1.796139, y=-0.028881])";"30";"turtle3";"1726461066.946504518";"./src/turtle.cpp:update:260"
"Oh no! I hit the wall! (Clamping from [x=1.796139, y=-0.028881])";"30";"turtle2";"1726461066.945089918";"./src/turtle.cpp:update:260"
"Oh no! I hit the wall! (Clamping from [x=1.809920, y=-0.028881])";"30";"turtle1";"1726461066.931718418";"./src/turtle.cpp:update:260"
"Oh no! I hit the wall! (Clamping from [x=1.809920, y=-0.028881])";"30";"turtle3";"1726461066.928582818";"./src/turtle.cpp:update:260"
"Oh no! I hit the wall! (Clamping from [x=1.809920, y=-0.028881])";"30";"turtle2";"1726461066.928624818";"./src/turtle.cpp:update:260"
"Oh no! I hit the wall! (Clamping from [x=1.823700, y=-0.028881])";"30";"turtle1";"1726461066.915381618";"./src/turtle.cpp:update:260"
"Oh no! I hit the wall! (Clamping from [x=1.823700, y=-0.028881])";"30";"turtle3";"1726461066.912664918";"./src/turtle.cpp:update:260"
"Oh no! I hit the wall! (Clamping from [x=1.823700, y=-0.028881])";"30";"turtle2";"1726461066.912587918";"./src/turtle.cpp:update:260"
"Oh no! I hit the wall! (Clamping from [x=1.837481, y=-0.028881])";"30";"turtle1";"1726461066.899268418";"./src/turtle.cpp:update:260"
"Oh no! I hit the wall! (Clamping from [x=1.837481, y=-0.028881])";"30";"turtle2";"1726461066.896930418";"./src/turtle.cpp:update:260"
"Oh no! I hit the wall! (Clamping from [x=1.837481, y=-0.028881])";"30";"turtle3";"1726461066.896465118";"./src/turtle.cpp:update:260"
"Oh no! I hit the wall! (Clamping from [x=1.851261, y=-0.028881])";"30";"turtle1";"1726461066.883957618";"./src/turtle.cpp:update:260"
"Oh no! I hit the wall! (Clamping from [x=1.851261, y=-0.028881])";"30";"turtle2";"1726461066.881169718";"./src/turtle.cpp:update:260"
"Oh no! I hit the wall! (Clamping from [x=1.851261, y=-0.028881])";"30";"turtle3";"1726461066.881164218";"./src/turtle.cpp:update:260"
"Oh no! I hit the wall! (Clamping from [x=1.865042, y=-0.028881])";"30";"turtle1";"1726461066.867244218";"./src/turtle.cpp:update:260"
"Oh no! I hit the wall! (Clamping from [x=1.865042, y=-0.028881])";"30";"turtle3";"1726461066.865103718";"./src/turtle.cpp:update:260"
"Oh no! I hit the wall! (Clamping from [x=1.865042, y=-0.028881])";"30";"turtle2";"1726461066.864627018";"./src/turtle.cpp:update:260"
"Oh no! I hit the wall! (Clamping from [x=1.878822, y=-0.028881])";"30";"turtle1";"1726461066.850988318";"./src/turtle.cpp:update:260"
"Oh no! I hit the wall! (Clamping from [x=1.878822, y=-0.028881])";"30";"turtle3";"1726461066.850175018";"./src/turtle.cpp:update:260"
"Oh no! I hit the wall! (Clamping from [x=1.878822, y=-0.028881])";"30";"turtle2";"1726461066.848778418";"./src/turtle.cpp:update:260"
"Oh no! I hit the wall! (Clamping from [x=1.892603, y=-0.028881])";"30";"turtle1";"1726461066.835587818";"./src/turtle.cpp:update:260"
"Oh no! I hit the wall! (Clamping from [x=1.892603, y=-0.028881])";"30";"turtle2";"1726461066.833118718";"./src/turtle.cpp:update:260"
"Oh no! I hit the wall! (Clamping from [x=1.892603, y=-0.028881])";"30";"turtle3";"1726461066.833153518";"./src/turtle.cpp:update:260"
"Oh no! I hit the wall! (Clamping from [x=1.906383, y=-0.028881])";"30";"turtle1";"1726461066.819387018";"./src/turtle.cpp:update:260"
"Oh no! I hit the wall! (Clamping from [x=1.906383, y=-0.028881])";"30";"turtle2";"1726461066.817408318";"./src/turtle.cpp:update:260"
"Oh no! I hit the wall! (Clamping from [x=1.906383, y=-0.028881])";"30";"turtle3";"1726461066.817130718";"./src/turtle.cpp:update:260"
"Oh no! I hit the wall! (Clamping from [x=1.920164, y=-0.028881])";"30";"turtle1";"1726461066.803193718";"./src/turtle.cpp:update:260"
"Oh no! I hit the wall! (Clamping from [x=1.920164, y=-0.028881])";"30";"turtle2";"1726461066.801016018";"./src/turtle.cpp:update:260"
"Oh no! I hit the wall! (Clamping from [x=1.920164, y=-0.028881])";"30";"turtle3";"1726461066.801011318";"./src/turtle.cpp:update:260"
"Oh no! I hit the wall! (Clamping from [x=1.933944, y=-0.028881])";"30";"turtle1";"1726461066.786935820";"./src/turtle.cpp:update:260"
"Oh no! I hit the wall! (Clamping from [x=1.933944, y=-0.028881])";"30";"turtle2";"1726461066.785206521";"./src/turtle.cpp:update:260"
"Oh no! I hit the wall! (Clamping from [x=1.933944, y=-0.028881])";"30";"turtle3";"1726461066.784938621";"./src/turtle.cpp:update:260"
"Oh no! I hit the wall! (Clamping from [x=1.947725, y=-0.028881])";"30";"turtle1";"1726461066.770857628";"./src/turtle.cpp:update:260"
"Oh no! I hit the wall! (Clamping from [x=1.947725, y=-0.028881])";"30";"turtle3";"1726461066.769320529";"./src/turtle.cpp:update:260"
"Oh no! I hit the wall! (Clamping from [x=1.947725, y=-0.028881])";"30";"turtle2";"1726461066.769093429";"./src/turtle.cpp:update:260"
"Oh no! I hit the wall! (Clamping from [x=1.961506, y=-0.028881])";"30";"turtle1";"1726461066.754845235";"./src/turtle.cpp:update:260"
"Oh no! I hit the wall! (Clamping from [x=1.961506, y=-0.028881])";"30";"turtle2";"1726461066.753604936";"./src/turtle.cpp:update:260"
"Oh no! I hit the wall! (Clamping from [x=1.961506, y=-0.028881])";"30";"turtle3";"1726461066.752479337";"./src/turtle.cpp:update:260"
"Oh no! I hit the wall! (Clamping from [x=1.975286, y=-0.028881])";"30";"turtle1";"1726461066.739039443";"./src/turtle.cpp:update:260"
"Oh no! I hit the wall! (Clamping from [x=1.975286, y=-0.028881])";"30";"turtle3";"1726461066.736879744";"./src/turtle.cpp:update:260"
"Oh no! I hit the wall! (Clamping from [x=1.975286, y=-0.028881])";"30";"turtle2";"1726461066.736453444";"./src/turtle.cpp:update:260"
"Oh no! I hit the wall! (Clamping from [x=1.989067, y=-0.028881])";"30";"turtle1";"1726461066.723376050";"./src/turtle.cpp:update:260"
"Oh no! I hit the wall! (Clamping from [x=1.989067, y=-0.028881])";"30";"turtle3";"1726461066.721191351";"./src/turtle.cpp:update:260"
"Oh no! I hit the wall! (Clamping from [x=1.989067, y=-0.028881])";"30";"turtle2";"1726461066.720612652";"./src/turtle.cpp:update:260"
"Oh no! I hit the wall! (Clamping from [x=2.002847, y=-0.028881])";"30";"turtle1";"1726461066.707757958";"./src/turtle.cpp:update:260"
"Oh no! I hit the wall! (Clamping from [x=2.002847, y=-0.028881])";"30";"turtle3";"1726461066.705167859";"./src/turtle.cpp:update:260"
"Oh no! I hit the wall! (Clamping from [x=2.002847, y=-0.028881])";"30";"turtle2";"1726461066.705075059";"./src/turtle.cpp:update:260"
"Oh no! I hit the wall! (Clamping from [x=2.016628, y=-0.028881])";"30";"turtle1";"1726461066.691187066";"./src/turtle.cpp:update:260"
"Oh no! I hit the wall! (Clamping from [x=2.016628, y=-0.028881])";"30";"turtle2";"1726461066.689292466";"./src/turtle.cpp:update:260"
"Oh no! I hit the wall! (Clamping from [x=2.016628, y=-0.028881])";"30";"turtle3";"1726461066.688814767";"./src/turtle.cpp:update:260"
"Oh no! I hit the wall! (Clamping from [x=2.030408, y=-0.028881])";"30";"turtle1";"1726461066.675266973";"./src/turtle.cpp:update:260"
"Oh no! I hit the wall! (Clamping from [x=2.030408, y=-0.028881])";"30";"turtle3";"1726461066.673224774";"./src/turtle.cpp:update:260"
"Oh no! I hit the wall! (Clamping from [x=2.030408, y=-0.028881])";"30";"turtle2";"1726461066.673221074";"./src/turtle.cpp:update:260"
"Oh no! I hit the wall! (Clamping from [x=2.044189, y=-0.028881])";"30";"turtle1";"1726461066.659506881";"./src/turtle.cpp:update:260"
"Oh no! I hit the wall! (Clamping from [x=2.044189, y=-0.028881])";"30";"turtle2";"1726461066.657161482";"./src/turtle.cpp:update:260"
"Oh no! I hit the wall! (Clamping from [x=2.044189, y=-0.028881])";"30";"turtle3";"1726461066.657214382";"./src/turtle.cpp:update:260"
"Oh no! I hit the wall! (Clamping from [x=2.057969, y=-0.028881])";"30";"turtle1";"1726461066.643463088";"./src/turtle.cpp:update:260"
"Oh no! I hit the wall! (Clamping from [x=2.057969, y=-0.028881])";"30";"turtle2";"1726461066.641468389";"./src/turtle.cpp:update:260"
"Oh no! I hit the wall! (Clamping from [x=2.057969, y=-0.028881])";"30";"turtle3";"1726461066.641480189";"./src/turtle.cpp:update:260"
"Oh no! I hit the wall! (Clamping from [x=2.071750, y=-0.028881])";"30";"turtle1";"1726461065.922849528";"./src/turtle.cpp:update:260"
"Oh no! I hit the wall! (Clamping from [x=2.071750, y=-0.028881])";"30";"turtle3";"1726461065.921277629";"./src/turtle.cpp:update:260"
"Oh no! I hit the wall! (Clamping from [x=2.071750, y=-0.028881])";"30";"turtle2";"1726461065.921203229";"./src/turtle.cpp:update:260"
"Oh no! I hit the wall! (Clamping from [x=2.085530, y=-0.028881])";"30";"turtle1";"1726461065.907357836";"./src/turtle.cpp:update:260"
"Oh no! I hit the wall! (Clamping from [x=2.085530, y=-0.028881])";"30";"turtle2";"1726461065.904544737";"./src/turtle.cpp:update:260"
"Oh no! I hit the wall! (Clamping from [x=2.085530, y=-0.028881])";"30";"turtle3";"1726461065.904390237";"./src/turtle.cpp:update:260"
"Oh no! I hit the wall! (Clamping from [x=2.099311, y=-0.028881])";"30";"turtle1";"1726461065.890933243";"./src/turtle.cpp:update:260"
"Oh no! I hit the wall! (Clamping from [x=2.099311, y=-0.028881])";"30";"turtle2";"1726461065.888774744";"./src/turtle.cpp:update:260"
"Oh no! I hit the wall! (Clamping from [x=2.099311, y=-0.028881])";"30";"turtle3";"1726461065.888794444";"./src/turtle.cpp:update:260"
"Oh no! I hit the wall! (Clamping from [x=2.113091, y=-0.028881])";"30";"turtle1";"1726461065.875468051";"./src/turtle.cpp:update:260"
"Oh no! I hit the wall! (Clamping from [x=2.113091, y=-0.028881])";"30";"turtle2";"1726461065.873171552";"./src/turtle.cpp:update:260"
"Oh no! I hit the wall! (Clamping from [x=2.113091, y=-0.028881])";"30";"turtle3";"1726461065.873147952";"./src/turtle.cpp:update:260"
"Oh no! I hit the wall! (Clamping from [x=2.126872, y=-0.028881])";"30";"turtle1";"1726461065.858969358";"./src/turtle.cpp:update:260"
"Oh no! I hit the wall! (Clamping from [x=2.126872, y=-0.028881])";"30";"turtle3";"1726461065.856737359";"./src/turtle.cpp:update:260"
"Oh no! I hit the wall! (Clamping from [x=2.126872, y=-0.028881])";"30";"turtle2";"1726461065.856750659";"./src/turtle.cpp:update:260"
"Oh no! I hit the wall! (Clamping from [x=2.140652, y=-0.028881])";"30";"turtle1";"1726461065.843429566";"./src/turtle.cpp:update:260"
"Oh no! I hit the wall! (Clamping from [x=2.140652, y=-0.028881])";"30";"turtle3";"1726461065.840269867";"./src/turtle.cpp:update:260"
"Oh no! I hit the wall! (Clamping from [x=2.140652, y=-0.028881])";"30";"turtle2";"1726461065.840305767";"./src/turtle.cpp:update:260"
"Oh no! I hit the wall! (Clamping from [x=2.154433, y=-0.028881])";"30";"turtle1";"1726461065.826674274";"./src/turtle.cpp:update:260"
"Oh no! I hit the wall! (Clamping from [x=2.154433, y=-0.028881])";"30";"turtle2";"1726461065.824754275";"./src/turtle.cpp:update:260"
"Oh no! I hit the wall! (Clamping from [x=2.154433, y=-0.028881])";"30";"turtle3";"1726461065.824721275";"./src/turtle.cpp:update:260"
"Oh no! I hit the wall! (Clamping from [x=2.168214, y=-0.028881])";"30";"turtle1";"1726461065.811212481";"./src/turtle.cpp:update:260"
"Oh no! I hit the wall! (Clamping from [x=2.168214, y=-0.028881])";"30";"turtle3";"1726461065.809015982";"./src/turtle.cpp:update:260"
"Oh no! I hit the wall! (Clamping from [x=2.168214, y=-0.028881])";"30";"turtle2";"1726461065.808971682";"./src/turtle.cpp:update:260"
"Oh no! I hit the wall! (Clamping from [x=2.181994, y=-0.028881])";"30";"turtle1";"1726461065.795137889";"./src/turtle.cpp:update:260"
"Oh no! I hit the wall! (Clamping from [x=2.181994, y=-0.028881])";"30";"turtle2";"1726461065.793216189";"./src/turtle.cpp:update:260"
"Oh no! I hit the wall! (Clamping from [x=2.181994, y=-0.028881])";"30";"turtle3";"1726461065.793162390";"./src/turtle.cpp:update:260"
"Oh no! I hit the wall! (Clamping from [x=2.195775, y=-0.028881])";"30";"turtle1";"1726461065.779723596";"./src/turtle.cpp:update:260"
"Oh no! I hit the wall! (Clamping from [x=2.195775, y=-0.028881])";"30";"turtle3";"1726461065.776518097";"./src/turtle.cpp:update:260"
"Oh no! I hit the wall! (Clamping from [x=2.195775, y=-0.028881])";"30";"turtle2";"1726461065.776399497";"./src/turtle.cpp:update:260"
"Oh no! I hit the wall! (Clamping from [x=2.209555, y=-0.028881])";"30";"turtle1";"1726461065.763074404";"./src/turtle.cpp:update:260"
"Oh no! I hit the wall! (Clamping from [x=2.209555, y=-0.028881])";"30";"turtle3";"1726461065.760769305";"./src/turtle.cpp:update:260"
"Oh no! I hit the wall! (Clamping from [x=2.209555, y=-0.028881])";"30";"turtle2";"1726461065.760631905";"./src/turtle.cpp:update:260"
"Oh no! I hit the wall! (Clamping from [x=2.223336, y=-0.028881])";"30";"turtle1";"1726461065.746696711";"./src/turtle.cpp:update:260"
"Oh no! I hit the wall! (Clamping from [x=2.223336, y=-0.028881])";"30";"turtle2";"1726461065.744956312";"./src/turtle.cpp:update:260"
"Oh no! I hit the wall! (Clamping from [x=2.223336, y=-0.028881])";"30";"turtle3";"1726461065.744948412";"./src/turtle.cpp:update:260"
"Oh no! I hit the wall! (Clamping from [x=2.237116, y=-0.028881])";"30";"turtle1";"1726461065.731026719";"./src/turtle.cpp:update:260"
"Oh no! I hit the wall! (Clamping from [x=2.237116, y=-0.028881])";"30";"turtle2";"1726461065.728333920";"./src/turtle.cpp:update:260"
"Oh no! I hit the wall! (Clamping from [x=2.237116, y=-0.028881])";"30";"turtle3";"1726461065.728334020";"./src/turtle.cpp:update:260"
"Oh no! I hit the wall! (Clamping from [x=2.250897, y=-0.028881])";"30";"turtle1";"1726461065.715442326";"./src/turtle.cpp:update:260"
"Oh no! I hit the wall! (Clamping from [x=2.250897, y=-0.028881])";"30";"turtle3";"1726461065.712886827";"./src/turtle.cpp:update:260"
"Oh no! I hit the wall! (Clamping from [x=2.250897, y=-0.028881])";"30";"turtle2";"1726461065.712886927";"./src/turtle.cpp:update:260"
"Oh no! I hit the wall! (Clamping from [x=2.264677, y=-0.028881])";"30";"turtle1";"1726461065.699024634";"./src/turtle.cpp:update:260"
"Oh no! I hit the wall! (Clamping from [x=2.264677, y=-0.028881])";"30";"turtle3";"1726461065.696242935";"./src/turtle.cpp:update:260"
"Oh no! I hit the wall! (Clamping from [x=2.278458, y=-0.028881])";"30";"turtle1";"1726461065.683510641";"./src/turtle.cpp:update:260"
"Oh no! I hit the wall! (Clamping from [x=2.292238, y=-0.028881])";"30";"turtle3";"1726461065.665109450";"./src/turtle.cpp:update:260"
"Oh no! I hit the wall! (Clamping from [x=2.306019, y=-0.028881])";"30";"turtle2";"1726461065.648719758";"./src/turtle.cpp:update:260"
"Oh no! I hit the wall! (Clamping from [x=2.319799, y=-0.028881])";"30";"turtle1";"1726461065.634718964";"./src/turtle.cpp:update:260"
"Oh no! I hit the wall! (Clamping from [x=2.319799, y=-0.028881])";"30";"turtle2";"1726461065.633153265";"./src/turtle.cpp:update:260"
"Oh no! I hit the wall! (Clamping from [x=2.319799, y=-0.028881])";"30";"turtle3";"1726461065.633009065";"./src/turtle.cpp:update:260"
"Oh no! I hit the wall! (Clamping from [x=2.333580, y=-0.028881])";"30";"turtle1";"1726461065.619093072";"./src/turtle.cpp:update:260"
"Oh no! I hit the wall! (Clamping from [x=2.333580, y=-0.028881])";"30";"turtle3";"1726461065.616673573";"./src/turtle.cpp:update:260"
"Oh no! I hit the wall! (Clamping from [x=2.347361, y=-0.028881])";"30";"turtle1";"1726461065.603526379";"./src/turtle.cpp:update:260"
"Oh no! I hit the wall! (Clamping from [x=2.347361, y=-0.028881])";"30";"turtle3";"1726461065.600299381";"./src/turtle.cpp:update:260"
"Oh no! I hit the wall! (Clamping from [x=2.347361, y=-0.028881])";"30";"turtle2";"1726461065.600272781";"./src/turtle.cpp:update:260"
"Oh no! I hit the wall! (Clamping from [x=2.361141, y=-0.028881])";"30";"turtle1";"1726461065.587020887";"./src/turtle.cpp:update:260"
"Oh no! I hit the wall! (Clamping from [x=2.374922, y=-0.028881])";"30";"turtle1";"1726461065.571473594";"./src/turtle.cpp:update:260"
"Oh no! I hit the wall! (Clamping from [x=2.374922, y=-0.028881])";"30";"turtle3";"1726461065.568265196";"./src/turtle.cpp:update:260"
"Oh no! I hit the wall! (Clamping from [x=2.374922, y=-0.028881])";"30";"turtle2";"1726461065.568265096";"./src/turtle.cpp:update:260"
"Oh no! I hit the wall! (Clamping from [x=2.388702, y=-0.028881])";"30";"turtle1";"1726461065.555013602";"./src/turtle.cpp:update:260"
"Oh no! I hit the wall! (Clamping from [x=2.388702, y=-0.028881])";"30";"turtle2";"1726461065.552816403";"./src/turtle.cpp:update:260"
"Oh no! I hit the wall! (Clamping from [x=2.388702, y=-0.028881])";"30";"turtle3";"1726461065.552758903";"./src/turtle.cpp:update:260"
"Oh no! I hit the wall! (Clamping from [x=2.402483, y=-0.028881])";"30";"turtle1";"1726461065.539660209";"./src/turtle.cpp:update:260"
"Oh no! I hit the wall! (Clamping from [x=2.402483, y=-0.028881])";"30";"turtle3";"1726461065.536303611";"./src/turtle.cpp:update:260"
"Oh no! I hit the wall! (Clamping from [x=2.402483, y=-0.028881])";"30";"turtle2";"1726461065.536303611";"./src/turtle.cpp:update:260"
"Oh no! I hit the wall! (Clamping from [x=2.416263, y=-0.028881])";"30";"turtle1";"1726461065.523197517";"./src/turtle.cpp:update:260"
"Oh no! I hit the wall! (Clamping from [x=2.416263, y=-0.028881])";"30";"turtle2";"1726461065.520810718";"./src/turtle.cpp:update:260"
"Oh no! I hit the wall! (Clamping from [x=2.416263, y=-0.028881])";"30";"turtle3";"1726461065.520754418";"./src/turtle.cpp:update:260"
"Oh no! I hit the wall! (Clamping from [x=2.430044, y=-0.028881])";"30";"turtle1";"1726461065.507599824";"./src/turtle.cpp:update:260"
"Oh no! I hit the wall! (Clamping from [x=2.430044, y=-0.028881])";"30";"turtle2";"1726461065.504318826";"./src/turtle.cpp:update:260"
"Oh no! I hit the wall! (Clamping from [x=2.430044, y=-0.028881])";"30";"turtle3";"1726461065.504318726";"./src/turtle.cpp:update:260"
"Oh no! I hit the wall! (Clamping from [x=2.443824, y=-0.028881])";"30";"turtle1";"1726461065.490870132";"./src/turtle.cpp:update:260"
"Oh no! I hit the wall! (Clamping from [x=2.443824, y=-0.028881])";"30";"turtle2";"1726461065.488849533";"./src/turtle.cpp:update:260"
"Oh no! I hit the wall! (Clamping from [x=2.443824, y=-0.028881])";"30";"turtle3";"1726461065.488884633";"./src/turtle.cpp:update:260"
"Oh no! I hit the wall! (Clamping from [x=2.457605, y=-0.028881])";"30";"turtle1";"1726461065.475143040";"./src/turtle.cpp:update:260"
"Oh no! I hit the wall! (Clamping from [x=2.457605, y=-0.028881])";"30";"turtle3";"1726461065.472185041";"./src/turtle.cpp:update:260"
"Oh no! I hit the wall! (Clamping from [x=2.457605, y=-0.028881])";"30";"turtle2";"1726461065.472200541";"./src/turtle.cpp:update:260"
"Oh no! I hit the wall! (Clamping from [x=2.471385, y=-0.028881])";"30";"turtle1";"1726461065.459596147";"./src/turtle.cpp:update:260"
"Oh no! I hit the wall! (Clamping from [x=2.471385, y=-0.028881])";"30";"turtle3";"1726461065.456341049";"./src/turtle.cpp:update:260"
"Oh no! I hit the wall! (Clamping from [x=2.471385, y=-0.028881])";"30";"turtle2";"1726461065.456349849";"./src/turtle.cpp:update:260"
"Oh no! I hit the wall! (Clamping from [x=2.485166, y=-0.028881])";"30";"turtle1";"1726461065.442744855";"./src/turtle.cpp:update:260"
"Oh no! I hit the wall! (Clamping from [x=2.485166, y=-0.028881])";"30";"turtle2";"1726461065.440900756";"./src/turtle.cpp:update:260"
"Oh no! I hit the wall! (Clamping from [x=2.485166, y=-0.028881])";"30";"turtle3";"1726461065.440900856";"./src/turtle.cpp:update:260"
"Oh no! I hit the wall! (Clamping from [x=2.498946, y=-0.028881])";"30";"turtle1";"1726461065.427274762";"./src/turtle.cpp:update:260"
"Oh no! I hit the wall! (Clamping from [x=2.498946, y=-0.028881])";"30";"turtle3";"1726461065.425139763";"./src/turtle.cpp:update:260"
"Oh no! I hit the wall! (Clamping from [x=2.498946, y=-0.028881])";"30";"turtle2";"1726461065.424179164";"./src/turtle.cpp:update:260"
"Oh no! I hit the wall! (Clamping from [x=2.512727, y=-0.028881])";"30";"turtle1";"1726461065.410760970";"./src/turtle.cpp:update:260"
"Oh no! I hit the wall! (Clamping from [x=2.512727, y=-0.028881])";"30";"turtle2";"1726461065.408796371";"./src/turtle.cpp:update:260"
"Oh no! I hit the wall! (Clamping from [x=2.512727, y=-0.028881])";"30";"turtle3";"1726461065.408633971";"./src/turtle.cpp:update:260"
"Oh no! I hit the wall! (Clamping from [x=2.526507, y=-0.028881])";"30";"turtle1";"1726461065.395333577";"./src/turtle.cpp:update:260"
"Oh no! I hit the wall! (Clamping from [x=2.526507, y=-0.028881])";"30";"turtle3";"1726461065.393123878";"./src/turtle.cpp:update:260"
"Oh no! I hit the wall! (Clamping from [x=2.526507, y=-0.028881])";"30";"turtle2";"1726461065.392383979";"./src/turtle.cpp:update:260"
"Oh no! I hit the wall! (Clamping from [x=2.540288, y=-0.028881])";"30";"turtle1";"1726461065.378931585";"./src/turtle.cpp:update:260"
"Oh no! I hit the wall! (Clamping from [x=2.540288, y=-0.028881])";"30";"turtle2";"1726461065.376753786";"./src/turtle.cpp:update:260"
"Oh no! I hit the wall! (Clamping from [x=2.540288, y=-0.028881])";"30";"turtle3";"1726461065.376527286";"./src/turtle.cpp:update:260"
"Oh no! I hit the wall! (Clamping from [x=2.554069, y=-0.028881])";"30";"turtle1";"1726461065.363456192";"./src/turtle.cpp:update:260"
"Oh no! I hit the wall! (Clamping from [x=2.554069, y=-0.028881])";"30";"turtle3";"1726461065.361123393";"./src/turtle.cpp:update:260"
"Oh no! I hit the wall! (Clamping from [x=2.554069, y=-0.028881])";"30";"turtle2";"1726461065.361118493";"./src/turtle.cpp:update:260"
"Oh no! I hit the wall! (Clamping from [x=2.567849, y=-0.028881])";"30";"turtle1";"1726461065.346885600";"./src/turtle.cpp:update:260"
"Oh no! I hit the wall! (Clamping from [x=2.567849, y=-0.028881])";"30";"turtle2";"1726461065.344517901";"./src/turtle.cpp:update:260"
"Oh no! I hit the wall! (Clamping from [x=2.567849, y=-0.028881])";"30";"turtle3";"1726461065.344416401";"./src/turtle.cpp:update:260"
"Oh no! I hit the wall! (Clamping from [x=2.581630, y=-0.028881])";"30";"turtle1";"1726461065.331381108";"./src/turtle.cpp:update:260"
"Oh no! I hit the wall! (Clamping from [x=2.595410, y=-0.028881])";"30";"turtle3";"1726461065.312304817";"./src/turtle.cpp:update:260"
"Oh no! I hit the wall! (Clamping from [x=2.609191, y=-0.028881])";"30";"turtle1";"1726461065.299422723";"./src/turtle.cpp:update:260"
"Oh no! I hit the wall! (Clamping from [x=2.609191, y=-0.028881])";"30";"turtle2";"1726461065.296928524";"./src/turtle.cpp:update:260"
"Oh no! I hit the wall! (Clamping from [x=2.609191, y=-0.028881])";"30";"turtle3";"1726461065.296847024";"./src/turtle.cpp:update:260"
"Oh no! I hit the wall! (Clamping from [x=2.622971, y=-0.028881])";"30";"turtle1";"1726461065.283001530";"./src/turtle.cpp:update:260"
"Oh no! I hit the wall! (Clamping from [x=2.622971, y=-0.028881])";"30";"turtle2";"1726461065.280338632";"./src/turtle.cpp:update:260"
"Oh no! I hit the wall! (Clamping from [x=2.622971, y=-0.028881])";"30";"turtle3";"1726461065.280375432";"./src/turtle.cpp:update:260"
"Oh no! I hit the wall! (Clamping from [x=2.636752, y=-0.028881])";"30";"turtle1";"1726461065.267552638";"./src/turtle.cpp:update:260"
"Oh no! I hit the wall! (Clamping from [x=2.636752, y=-0.028881])";"30";"turtle2";"1726461065.264982439";"./src/turtle.cpp:update:260"
"Oh no! I hit the wall! (Clamping from [x=2.636752, y=-0.028881])";"30";"turtle3";"1726461065.264923639";"./src/turtle.cpp:update:260"
"Oh no! I hit the wall! (Clamping from [x=2.650532, y=-0.028881])";"30";"turtle1";"1726461065.250987845";"./src/turtle.cpp:update:260"
"Oh no! I hit the wall! (Clamping from [x=2.650532, y=-0.028881])";"30";"turtle2";"1726461065.248430947";"./src/turtle.cpp:update:260"
"Oh no! I hit the wall! (Clamping from [x=2.650532, y=-0.028881])";"30";"turtle3";"1726461065.248412347";"./src/turtle.cpp:update:260"
"Oh no! I hit the wall! (Clamping from [x=2.664313, y=-0.028881])";"30";"turtle1";"1726461065.235552053";"./src/turtle.cpp:update:260"
"Oh no! I hit the wall! (Clamping from [x=2.664313, y=-0.028881])";"30";"turtle2";"1726461065.232959454";"./src/turtle.cpp:update:260"
"Oh no! I hit the wall! (Clamping from [x=2.664313, y=-0.028881])";"30";"turtle3";"1726461065.232959354";"./src/turtle.cpp:update:260"
"Oh no! I hit the wall! (Clamping from [x=2.678093, y=-0.028881])";"30";"turtle1";"1726461065.218998561";"./src/turtle.cpp:update:260"
"Oh no! I hit the wall! (Clamping from [x=2.678093, y=-0.028881])";"30";"turtle2";"1726461065.216577362";"./src/turtle.cpp:update:260"
"Oh no! I hit the wall! (Clamping from [x=2.678093, y=-0.028881])";"30";"turtle3";"1726461065.216347562";"./src/turtle.cpp:update:260"
"Oh no! I hit the wall! (Clamping from [x=2.691874, y=-0.028881])";"30";"turtle1";"1726461065.203225368";"./src/turtle.cpp:update:260"
"Oh no! I hit the wall! (Clamping from [x=2.691874, y=-0.028881])";"30";"turtle3";"1726461065.201079369";"./src/turtle.cpp:update:260"
"Oh no! I hit the wall! (Clamping from [x=2.691874, y=-0.028881])";"30";"turtle2";"1726461065.201011569";"./src/turtle.cpp:update:260"
"Oh no! I hit the wall! (Clamping from [x=2.705654, y=-0.028881])";"30";"turtle1";"1726461065.186653576";"./src/turtle.cpp:update:260"
"Oh no! I hit the wall! (Clamping from [x=2.705654, y=-0.028881])";"30";"turtle2";"1726461065.184468677";"./src/turtle.cpp:update:260"
"Oh no! I hit the wall! (Clamping from [x=2.705654, y=-0.028881])";"30";"turtle3";"1726461065.184467777";"./src/turtle.cpp:update:260"
"Oh no! I hit the wall! (Clamping from [x=2.719435, y=-0.028881])";"30";"turtle1";"1726461065.170853383";"./src/turtle.cpp:update:260"
"Oh no! I hit the wall! (Clamping from [x=2.719435, y=-0.028881])";"30";"turtle2";"1726461065.168654684";"./src/turtle.cpp:update:260"
"Oh no! I hit the wall! (Clamping from [x=2.719435, y=-0.028881])";"30";"turtle3";"1726461065.168532284";"./src/turtle.cpp:update:260"
"Oh no! I hit the wall! (Clamping from [x=2.733215, y=-0.028881])";"30";"turtle1";"1726461065.154764291";"./src/turtle.cpp:update:260"
"Oh no! I hit the wall! (Clamping from [x=2.733215, y=-0.028881])";"30";"turtle2";"1726461065.153031592";"./src/turtle.cpp:update:260"
"Oh no! I hit the wall! (Clamping from [x=2.733215, y=-0.028881])";"30";"turtle3";"1726461065.153031592";"./src/turtle.cpp:update:260"
"Oh no! I hit the wall! (Clamping from [x=2.746996, y=-0.028881])";"30";"turtle1";"1726461065.139896298";"./src/turtle.cpp:update:260"
"Oh no! I hit the wall! (Clamping from [x=2.746996, y=-0.028881])";"30";"turtle3";"1726461065.137399699";"./src/turtle.cpp:update:260"
"Oh no! I hit the wall! (Clamping from [x=2.746996, y=-0.028881])";"30";"turtle2";"1726461065.137090799";"./src/turtle.cpp:update:260"
"Oh no! I hit the wall! (Clamping from [x=2.760777, y=-0.028881])";"30";"turtle1";"1726461065.123433006";"./src/turtle.cpp:update:260"
"Oh no! I hit the wall! (Clamping from [x=2.760777, y=-0.028881])";"30";"turtle2";"1726461065.121054807";"./src/turtle.cpp:update:260"
"Oh no! I hit the wall! (Clamping from [x=2.760777, y=-0.028881])";"30";"turtle3";"1726461065.120558707";"./src/turtle.cpp:update:260"
"Oh no! I hit the wall! (Clamping from [x=2.774557, y=-0.028881])";"30";"turtle1";"1726461065.106978013";"./src/turtle.cpp:update:260"
"Oh no! I hit the wall! (Clamping from [x=2.774557, y=-0.028881])";"30";"turtle2";"1726461065.104720415";"./src/turtle.cpp:update:260"
"Oh no! I hit the wall! (Clamping from [x=2.774557, y=-0.028881])";"30";"turtle3";"1726461065.104717115";"./src/turtle.cpp:update:260"
"Oh no! I hit the wall! (Clamping from [x=2.788338, y=-0.028881])";"30";"turtle1";"1726461065.091097821";"./src/turtle.cpp:update:260"
"Oh no! I hit the wall! (Clamping from [x=2.788338, y=-0.028881])";"30";"turtle2";"1726461065.089066022";"./src/turtle.cpp:update:260"
"Oh no! I hit the wall! (Clamping from [x=2.788338, y=-0.028881])";"30";"turtle3";"1726461065.088925022";"./src/turtle.cpp:update:260"
"Oh no! I hit the wall! (Clamping from [x=2.802118, y=-0.028881])";"30";"turtle1";"1726461065.075234428";"./src/turtle.cpp:update:260"
"Oh no! I hit the wall! (Clamping from [x=2.802118, y=-0.028881])";"30";"turtle2";"1726461065.073481129";"./src/turtle.cpp:update:260"
"Oh no! I hit the wall! (Clamping from [x=2.802118, y=-0.028881])";"30";"turtle3";"1726461065.073036129";"./src/turtle.cpp:update:260"
"Oh no! I hit the wall! (Clamping from [x=2.815899, y=-0.028881])";"30";"turtle1";"1726461065.059421436";"./src/turtle.cpp:update:260"
"Oh no! I hit the wall! (Clamping from [x=2.815899, y=-0.028881])";"30";"turtle3";"1726461065.056993837";"./src/turtle.cpp:update:260"
"Oh no! I hit the wall! (Clamping from [x=2.815899, y=-0.028881])";"30";"turtle2";"1726461065.057076837";"./src/turtle.cpp:update:260"
"Oh no! I hit the wall! (Clamping from [x=2.829679, y=-0.028881])";"30";"turtle1";"1726461065.043260844";"./src/turtle.cpp:update:260"
"Oh no! I hit the wall! (Clamping from [x=2.829679, y=-0.028881])";"30";"turtle2";"1726461065.041152745";"./src/turtle.cpp:update:260"
"Oh no! I hit the wall! (Clamping from [x=2.829679, y=-0.028881])";"30";"turtle3";"1726461065.040679545";"./src/turtle.cpp:update:260"
"Oh no! I hit the wall! (Clamping from [x=2.843460, y=-0.028881])";"30";"turtle1";"1726461065.029419950";"./src/turtle.cpp:update:260"
"Oh no! I hit the wall! (Clamping from [x=2.843460, y=-0.028881])";"30";"turtle2";"1726461065.025138352";"./src/turtle.cpp:update:260"
"Oh no! I hit the wall! (Clamping from [x=2.843460, y=-0.028881])";"30";"turtle3";"1726461065.025225852";"./src/turtle.cpp:update:260"
"Oh no! I hit the wall! (Clamping from [x=2.857240, y=-0.028881])";"30";"turtle1";"1726461065.011320159";"./src/turtle.cpp:update:260"
"Oh no! I hit the wall! (Clamping from [x=2.857240, y=-0.028881])";"30";"turtle2";"1726461065.009392360";"./src/turtle.cpp:update:260"
"Oh no! I hit the wall! (Clamping from [x=2.857240, y=-0.028881])";"30";"turtle3";"1726461065.009040260";"./src/turtle.cpp:update:260"
"Oh no! I hit the wall! (Clamping from [x=2.871021, y=-0.028881])";"30";"turtle1";"1726461064.995547266";"./src/turtle.cpp:update:260"
"Oh no! I hit the wall! (Clamping from [x=2.871021, y=-0.028881])";"30";"turtle3";"1726461064.993566067";"./src/turtle.cpp:update:260"
"Oh no! I hit the wall! (Clamping from [x=2.871021, y=-0.028881])";"30";"turtle2";"1726461064.993250667";"./src/turtle.cpp:update:260"
"Oh no! I hit the wall! (Clamping from [x=2.884801, y=-0.028881])";"30";"turtle1";"1726461064.980064173";"./src/turtle.cpp:update:260"
"Oh no! I hit the wall! (Clamping from [x=2.884801, y=-0.028881])";"30";"turtle2";"1726461064.977590475";"./src/turtle.cpp:update:260"
"Oh no! I hit the wall! (Clamping from [x=2.884801, y=-0.028881])";"30";"turtle3";"1726461064.977393875";"./src/turtle.cpp:update:260"
"Oh no! I hit the wall! (Clamping from [x=2.898582, y=-0.000657])";"30";"turtle1";"1726461064.963549881";"./src/turtle.cpp:update:260"
"Oh no! I hit the wall! (Clamping from [x=2.898582, y=-0.000657])";"30";"turtle2";"1726461064.961375182";"./src/turtle.cpp:update:260"
"Oh no! I hit the wall! (Clamping from [x=2.898582, y=-0.000657])";"30";"turtle3";"1726461064.961385082";"./src/turtle.cpp:update:260"
"Spawning turtle [turtle1] at x=[5.544445], y=[5.544445], theta=[0.000000]";"20";"turtle3";"1726461004.520311672";"./src/turtle_frame.cpp:spawnTurtle:209"
"Spawning turtle [turtle1] at x=[5.544445], y=[5.544445], theta=[0.000000]";"20";"turtle1";"1726461004.517445672";"./src/turtle_frame.cpp:spawnTurtle:209"
"Spawning turtle [turtle1] at x=[5.544445], y=[5.544445], theta=[0.000000]";"20";"turtle2";"1726461004.517095972";"./src/turtle_frame.cpp:spawnTurtle:209"
"Starting turtlesim with node name /turtle3";"20";"turtle3";"1726461004.512769972";"./src/turtle_frame.cpp:TurtleFrame:112"
"Starting turtlesim with node name /turtle1";"20";"turtle1";"1726461004.508418873";"./src/turtle_frame.cpp:TurtleFrame:112"
"Starting turtlesim with node name /turtle2";"20";"turtle2";"1726461004.507877973";"./src/turtle_frame.cpp:TurtleFrame:112"
